dateutc,winddir,windspeedmph,windgustmph,maxdailygust,tempf,hourlyrainin,eventrainin,dailyrainin,weeklyrainin,monthlyrainin,totalrainin,baromrelin,baromabsin,humidity,tempinf,humidityin,uv,solarradiation,feelsLike,dewPoint,feelsLikein,dewPointin,loc,date
1636084200000,118,0,0,0,67.3,0,0,0,0,0,2.79,29.9,29.06,44,66.7,43,0,0,67.3,44.63,66.7,43.5,ambient-prod-44,2021-11-05T03:50:00.000Z
1636083900000,118,0,0,0,67.3,0,0,0,0,0,2.79,29.89,29.05,44,66.7,43,0,0,67.3,44.63,66.7,43.5,ambient-prod-44,2021-11-05T03:45:00.000Z
1636083600000,118,0,0,0,67.3,0,0,0,0,0,2.79,29.9,29.06,44,66.7,43,0,0,67.3,44.63,66.7,43.5,ambient-prod-44,2021-11-05T03:40:00.000Z
1636083300000,118,0,0,0,67.3,0,0,0,0,0,2.79,29.9,29.06,44,66.9,43,0,0,67.3,44.63,66.9,43.7,ambient-prod-44,2021-11-05T03:35:00.000Z
1636083000000,118,0,0,0,67.5,0,0,0,0,0,2.79,29.9,29.06,43,67.1,43,0,0,67.5,44.21,67.1,43.8,ambient-prod-44,2021-11-05T03:30:00.000Z
1636082700000,118,0,0,0,67.5,0,0,0,0,0,2.79,29.9,29.06,43,66.7,43,0,0,67.5,44.21,66.7,43.5,ambient-prod-44,2021-11-05T03:25:00.000Z
1636082400000,118,0,0,0,67.5,0,0,0,0,0,2.79,29.89,29.05,43,67.1,43,0,0,67.5,44.21,67.1,43.8,ambient-prod-44,2021-11-05T03:20:00.000Z
1636082100000,118,0,0,0,67.5,0,0,0,0,0,2.79,29.9,29.06,43,67.1,43,0,0,67.5,44.21,67.1,43.8,ambient-prod-44,2021-11-05T03:15:00.000Z
1636081800000,118,0,0,0,67.5,0,0,0,0,0,2.79,29.9,29.06,43,67.1,43,0,0,67.5,44.21,67.1,43.8,ambient-prod-44,2021-11-05T03:10:00.000Z
1636081500000,118,0,0,0,67.6,0,0,0,0,0,2.79,29.9,29.06,43,67.1,43,0,0,67.6,44.3,67.1,43.8,ambient-prod-44,2021-11-05T03:05:00.000Z
1636081200000,118,0,0,0,67.6,0,0,0,0,0,2.79,29.89,29.05,43,67.1,43,0,0,67.6,44.3,67.1,43.8,ambient-prod-44,2021-11-05T03:00:00.000Z
1636080900000,118,0,0,0,67.6,0,0,0,0,0,2.79,29.9,29.06,43,67.3,43,0,0,67.6,44.3,67.3,44,ambient-prod-44,2021-11-05T02:55:00.000Z
1636080600000,119,0,0,0,67.6,0,0,0,0,0,2.79,29.91,29.06,43,67.3,43,0,0,67.6,44.3,67.3,44,ambient-prod-44,2021-11-05T02:50:00.000Z
1636080300000,118,0,0,0,67.6,0,0,0,0,0,2.79,29.9,29.06,43,67.3,43,0,0,67.6,44.3,67.3,44,ambient-prod-44,2021-11-05T02:45:00.000Z
1636080000000,118,0,0,0,67.6,0,0,0,0,0,2.79,29.9,29.06,43,67.1,43,0,0,67.6,44.3,67.1,43.8,ambient-prod-44,2021-11-05T02:40:00.000Z
1636079700000,119,0,0,0,67.8,0,0,0,0,0,2.79,29.91,29.06,43,67.3,43,0,0,67.8,44.48,67.3,44,ambient-prod-44,2021-11-05T02:35:00.000Z
1636079400000,118,0,0,0,67.8,0,0,0,0,0,2.79,29.91,29.07,43,67.5,43,0,0,67.8,44.48,67.5,44.2,ambient-prod-44,2021-11-05T02:30:00.000Z
1636079100000,118,0,0,0,67.8,0,0,0,0,0,2.79,29.91,29.06,43,67.5,43,0,0,67.8,44.48,67.5,44.2,ambient-prod-44,2021-11-05T02:25:00.000Z
1636078800000,118,0,0,0,67.8,0,0,0,0,0,2.79,29.91,29.06,43,67.5,43,0,0,67.8,44.48,67.5,44.2,ambient-prod-44,2021-11-05T02:20:00.000Z
1636078500000,118,0,0,0,67.8,0,0,0,0,0,2.79,29.9,29.06,43,67.5,43,0,0,67.8,44.48,67.5,44.2,ambient-prod-44,2021-11-05T02:15:00.000Z
1636078200000,118,0,0,0,67.8,0,0,0,0,0,2.79,29.9,29.06,43,67.5,43,0,0,67.8,44.48,67.5,44.2,ambient-prod-44,2021-11-05T02:10:00.000Z
1636077900000,118,0,0,0,67.8,0,0,0,0,0,2.79,29.9,29.06,43,67.5,43,0,0,67.8,44.48,67.5,44.2,ambient-prod-44,2021-11-05T02:05:00.000Z
1636077600000,118,0,0,0,67.8,0,0,0,0,0,2.79,29.89,29.05,43,67.5,43,0,0,67.8,44.48,67.5,44.2,ambient-prod-44,2021-11-05T02:00:00.000Z
1636077300000,118,0,0,0,67.8,0,0,0,0,0,2.79,29.89,29.05,43,67.5,43,0,0,67.8,44.48,67.5,44.2,ambient-prod-44,2021-11-05T01:55:00.000Z
1636077000000,118,0,0,0,68,0,0,0,0,0,2.79,29.89,29.05,43,67.5,43,0,0,68,44.66,67.5,44.2,ambient-prod-44,2021-11-05T01:50:00.000Z
1636076700000,118,0,0,0,68,0,0,0,0,0,2.79,29.89,29.05,43,67.5,43,0,0,68,44.66,67.5,44.2,ambient-prod-44,2021-11-05T01:45:00.000Z
1636076400000,118,0,0,0,68,0,0,0,0,0,2.79,29.89,29.04,43,67.5,43,0,0,68,44.66,67.5,44.2,ambient-prod-44,2021-11-05T01:40:00.000Z
1636076100000,118,0,0,0,68,0,0,0,0,0,2.79,29.88,29.04,43,67.5,43,0,0,68,44.66,67.5,44.2,ambient-prod-44,2021-11-05T01:35:00.000Z
1636075800000,119,0,0,0,68,0,0,0,0,0,2.79,29.89,29.04,43,67.8,43,0,0,68,44.66,67.8,44.5,ambient-prod-44,2021-11-05T01:30:00.000Z
1636075500000,118,0,0,0,68,0,0,0,0,0,2.79,29.89,29.05,43,67.6,43,0,0,68,44.66,67.6,44.3,ambient-prod-44,2021-11-05T01:25:00.000Z
1636075200000,118,0,0,0,68,0,0,0,0,0,2.79,29.89,29.05,43,67.6,43,0,0.36,68,44.66,67.6,44.3,ambient-prod-44,2021-11-05T01:20:00.000Z
1636074900000,118,0,0,0,68.2,0,0,0,0,0,2.79,29.89,29.05,43,67.6,43,0,0,66.74,44.84,67.6,44.3,ambient-prod-44,2021-11-05T01:15:00.000Z
1636074600000,118,0,0,0,68.2,0,0,0,0,0,2.79,29.89,29.05,43,67.6,43,0,0,66.74,44.84,67.6,44.3,ambient-prod-44,2021-11-05T01:10:00.000Z
1636074300000,118,0,0,0,68.2,0,0,0,0,0,2.79,29.89,29.05,43,67.6,43,0,0,66.74,44.84,67.6,44.3,ambient-prod-44,2021-11-05T01:05:00.000Z
1636074000000,119,0,0,0,68.2,0,0,0,0,0,2.79,29.9,29.06,43,67.6,43,0,0,66.74,44.84,67.6,44.3,ambient-prod-44,2021-11-05T01:00:00.000Z
1636073700000,119,0,0,0,68.2,0,0,0,0,0,2.79,29.91,29.06,43,67.5,43,0,0,66.74,44.84,67.5,44.2,ambient-prod-44,2021-11-05T00:55:00.000Z
1636073400000,118,0,0,0,68.2,0,0,0,0,0,2.79,29.89,29.05,43,67.8,43,0,0,66.74,44.84,67.8,44.5,ambient-prod-44,2021-11-05T00:50:00.000Z
1636073100000,119,0,0,0,68.2,0,0,0,0,0,2.79,29.9,29.06,43,67.5,43,0,0,66.74,44.84,67.5,44.2,ambient-prod-44,2021-11-05T00:45:00.000Z
1636072800000,119,0,0,0,68.2,0,0,0,0,0,2.79,29.9,29.06,43,67.6,43,0,0,66.74,44.84,67.6,44.3,ambient-prod-44,2021-11-05T00:40:00.000Z
1636072500000,118,0,0,0,68.2,0,0,0,0,0,2.79,29.9,29.06,43,67.6,43,0,0,66.74,44.84,67.6,44.3,ambient-prod-44,2021-11-05T00:35:00.000Z
1636072200000,118,0,0,0,68.2,0,0,0,0,0,2.79,29.9,29.06,43,67.8,43,0,0,66.74,44.84,67.8,44.5,ambient-prod-44,2021-11-05T00:30:00.000Z
1636071900000,118,0,0,0,68.2,0,0,0,0,0,2.79,29.9,29.06,43,67.8,43,0,0,66.74,44.84,67.8,44.5,ambient-prod-44,2021-11-05T00:25:00.000Z
1636071600000,118,0,0,0,68.4,0,0,0,0,0,2.79,29.9,29.06,43,67.8,43,0,0,66.96,45.02,67.8,44.5,ambient-prod-44,2021-11-05T00:20:00.000Z
1636071300000,118,0,0,0,68.4,0,0,0,0,0,2.79,29.9,29.06,43,67.8,43,0,0,66.96,45.02,67.8,44.5,ambient-prod-44,2021-11-05T00:15:00.000Z
1636071000000,118,0,0,0,68.4,0,0,0,0,0,2.79,29.9,29.06,43,67.6,43,0,0,66.96,45.02,67.6,44.3,ambient-prod-44,2021-11-05T00:10:00.000Z
1636070700000,118,0,0,0,68.4,0,0,0,0,0,2.79,29.9,29.06,43,67.6,43,0,0,66.96,45.02,67.6,44.3,ambient-prod-44,2021-11-05T00:05:00.000Z
1636070400000,119,0,0,0,68.4,0,0,0,0,0,2.79,29.89,29.05,43,67.6,43,0,0,66.96,45.02,67.6,44.3,ambient-prod-44,2021-11-05T00:00:00.000Z
1636070100000,119,0,0,0,68.5,0,0,0,0,0,2.79,29.9,29.06,43,67.8,43,0,0,67.07,45.11,67.8,44.5,ambient-prod-44,2021-11-04T23:55:00.000Z
1636069800000,118,0,0,0,68.7,0,0,0,0,0,2.79,29.9,29.06,43,67.8,43,0,0,67.29,45.29,67.8,44.5,ambient-prod-44,2021-11-04T23:50:00.000Z
1636069500000,118,0,0,0,68.7,0,0,0,0,0,2.79,29.9,29.06,43,68,43,0,0,67.29,45.29,68,44.7,ambient-prod-44,2021-11-04T23:45:00.000Z
1636069200000,119,0,0,0,68.9,0,0,0,0,0,2.79,29.9,29.06,43,67.8,43,0,0,67.51,45.47,67.8,44.5,ambient-prod-44,2021-11-04T23:40:00.000Z
1636068900000,119,0,0,0,69.1,0,0,0,0,0,2.79,29.9,29.06,43,68,43,0,0,67.73,45.65,68,44.7,ambient-prod-44,2021-11-04T23:35:00.000Z
1636068600000,119,0,0,0,69.3,0,0,0,0,0,2.79,29.89,29.05,43,68,43,0,0,67.95,45.83,68,44.7,ambient-prod-44,2021-11-04T23:30:00.000Z
1636068300000,119,0,0,0,69.4,0,0,0,0,0,2.79,29.9,29.06,42,68.2,43,0,0,68.01,45.3,66.7,44.8,ambient-prod-44,2021-11-04T23:25:00.000Z
1636068000000,119,0,0,0,69.6,0,0,0,0,0,2.79,29.9,29.06,42,68.2,43,0,0,68.23,45.48,66.7,44.8,ambient-prod-44,2021-11-04T23:20:00.000Z
1636067700000,119,0,0,0,69.6,0,0,0,0,0,2.79,29.89,29.05,42,68.4,43,0,0,68.23,45.48,67,45,ambient-prod-44,2021-11-04T23:15:00.000Z
1636067400000,119,0,0,0,69.8,0,0,0,0,0,2.79,29.9,29.06,42,68.4,43,0,0,68.45,45.66,67,45,ambient-prod-44,2021-11-04T23:10:00.000Z
1636067100000,119,0,0,0,69.8,0,0,0,0,0,2.79,29.89,29.05,43,68.4,43,0,0.36,68.5,46.28,67,45,ambient-prod-44,2021-11-04T23:05:00.000Z
1636066800000,119,0,0,0,69.8,0,0,0,0,0,2.79,29.9,29.06,43,68.4,43,0,0,68.5,46.28,67,45,ambient-prod-44,2021-11-04T23:00:00.000Z
1636066500000,119,0,0,0,69.8,0,0,0,0,0,2.79,29.89,29.05,43,68.5,43,0,0,68.5,46.28,67.1,45.1,ambient-prod-44,2021-11-04T22:55:00.000Z
1636066200000,119,0,0,0,69.8,0,0,0,0,0,2.79,29.89,29.05,43,68.5,43,0,0,68.5,46.28,67.1,45.1,ambient-prod-44,2021-11-04T22:50:00.000Z
1636065900000,119,0,0,0,69.8,0,0,0,0,0,2.79,29.89,29.04,43,68.4,43,0,0,68.5,46.28,67,45,ambient-prod-44,2021-11-04T22:45:00.000Z
1636065600000,119,0,0,0,69.8,0,0,0,0,0,2.79,29.88,29.04,43,68.4,43,0,0,68.5,46.28,67,45,ambient-prod-44,2021-11-04T22:40:00.000Z
1636065300000,119,0,0,0,69.8,0,0,0,0,0,2.79,29.89,29.04,43,68.4,43,0,0,68.5,46.28,67,45,ambient-prod-44,2021-11-04T22:35:00.000Z
1636065000000,119,0,0,0,69.8,0,0,0,0,0,2.79,29.89,29.04,43,68.7,43,0,0,68.5,46.28,67.3,45.3,ambient-prod-44,2021-11-04T22:30:00.000Z
1636064700000,119,0,0,0,69.8,0,0,0,0,0,2.79,29.88,29.04,43,68.5,43,0,0,68.5,46.28,67.1,45.1,ambient-prod-44,2021-11-04T22:25:00.000Z
1636064400000,119,0,0,0,69.8,0,0,0,0,0,2.79,29.89,29.04,44,68.5,43,0,0,68.55,46.89,67.1,45.1,ambient-prod-44,2021-11-04T22:20:00.000Z
1636064100000,119,0,0,0,69.8,0,0,0,0,0,2.79,29.89,29.04,44,68.4,44,0,0,68.55,46.89,67,45.6,ambient-prod-44,2021-11-04T22:15:00.000Z
1636063800000,119,0,0,0,70,0,0,0,0,0,2.79,29.88,29.04,44,68.5,43,0,0,68.77,47.07,67.1,45.1,ambient-prod-44,2021-11-04T22:10:00.000Z
1636063500000,119,0,0,0,70,0,0,0,0,0,2.79,29.88,29.04,44,68.5,44,0,0.36,68.77,47.07,67.1,45.7,ambient-prod-44,2021-11-04T22:05:00.000Z
1636063200000,119,0,0,0,70,0,0,0,0,0,2.79,29.88,29.04,44,68.5,43,0,0,68.77,47.07,67.1,45.1,ambient-prod-44,2021-11-04T22:00:00.000Z
1636062900000,119,0,0,0,70,0,0,0,0,0,2.79,29.88,29.04,44,68.7,44,0,0,68.77,47.07,67.3,45.9,ambient-prod-44,2021-11-04T21:55:00.000Z
1636062600000,119,0,0,0,70,0,0,0,0,0,2.79,29.88,29.03,44,68.5,44,0,0,68.77,47.07,67.1,45.7,ambient-prod-44,2021-11-04T21:50:00.000Z
1636062300000,119,0,0,0,70,0,0,0,0,0,2.79,29.88,29.04,45,68.7,44,0,0,68.81,47.67,67.3,45.9,ambient-prod-44,2021-11-04T21:45:00.000Z
1636062000000,119,0,0,0,69.8,0,0,0,0,0,2.79,29.88,29.03,44,68.7,43,0,0,68.55,46.89,67.3,45.3,ambient-prod-44,2021-11-04T21:40:00.000Z
1636061700000,119,0,0,0,69.8,0,0,0,0,0,2.79,29.88,29.04,45,68.7,43,0,0,68.59,47.49,67.3,45.3,ambient-prod-44,2021-11-04T21:35:00.000Z
1636061400000,119,0,0,0,69.6,0,0,0,0,0,2.79,29.88,29.04,44,68.7,43,0,0,68.33,46.71,67.3,45.3,ambient-prod-44,2021-11-04T21:30:00.000Z
1636061100000,119,0,0,0,69.6,0,0,0,0,0,2.79,29.87,29.03,43,68.7,43,0,0,68.28,46.1,67.3,45.3,ambient-prod-44,2021-11-04T21:25:00.000Z
1636060800000,119,0,0,0,69.6,0,0,0,0,0,2.79,29.88,29.04,43,68.7,43,0,0,68.28,46.1,67.3,45.3,ambient-prod-44,2021-11-04T21:20:00.000Z
1636060500000,119,0,0,0,69.6,0,0,0,0,0,2.79,29.89,29.04,43,68.9,43,0,0,68.28,46.1,67.5,45.5,ambient-prod-44,2021-11-04T21:15:00.000Z
1636060200000,119,0,0,0,69.8,0,0,0,0,0,2.79,29.88,29.04,42,68.9,43,0,0,68.45,45.66,67.5,45.5,ambient-prod-44,2021-11-04T21:10:00.000Z
1636059900000,119,0,0,0,69.8,0,0,0,0,0,2.79,29.89,29.05,42,68.7,43,0,0,68.45,45.66,67.3,45.3,ambient-prod-44,2021-11-04T21:05:00.000Z
1636059600000,118,0,0,0,69.8,0,0,0,0,0,2.79,29.88,29.04,42,68.7,43,0,0,68.45,45.66,67.3,45.3,ambient-prod-44,2021-11-04T21:00:00.000Z
1636059300000,119,0,0,0,70,0,0,0,0,0,2.79,29.88,29.04,42,68.9,43,0,0.36,68.67,45.84,67.5,45.5,ambient-prod-44,2021-11-04T20:55:00.000Z
1636059000000,118,0,0,0,70,0,0,0,0,0,2.79,29.88,29.04,43,68.9,43,0,0,68.72,46.46,67.5,45.5,ambient-prod-44,2021-11-04T20:50:00.000Z
1636058700000,119,0,0,0,70.2,0,0,0,0,0,2.79,29.89,29.04,42,69.1,43,0,0,68.89,46.02,67.7,45.7,ambient-prod-44,2021-11-04T20:45:00.000Z
1636058400000,119,0,0,0,70.2,0,0,0,0,0,2.79,29.89,29.04,42,69.1,43,0,0,68.89,46.02,67.7,45.7,ambient-prod-44,2021-11-04T20:40:00.000Z
1636058100000,119,0,0,0,70.2,0,0,0,0,0,2.79,29.89,29.05,42,69.1,43,0,0,68.89,46.02,67.7,45.7,ambient-prod-44,2021-11-04T20:35:00.000Z
1636057800000,119,0,0,0,70.3,0,0,0,0,0,2.79,29.89,29.04,43,68.9,43,0,0,69.05,46.73,67.5,45.5,ambient-prod-44,2021-11-04T20:30:00.000Z
1636057500000,119,0,0,0,70.3,0,0,0,0,0,2.79,29.88,29.04,43,69.3,43,0,0,69.05,46.73,68,45.8,ambient-prod-44,2021-11-04T20:25:00.000Z
1636057200000,119,0,0,0,70.3,0,0,0,0,0,2.79,29.88,29.04,43,69.3,43,0,0.36,69.05,46.73,68,45.8,ambient-prod-44,2021-11-04T20:20:00.000Z
1636056900000,119,0,0,0,70.3,0,0,0,0,0,2.79,29.88,29.04,43,69.1,43,0,1.22,69.05,46.73,67.7,45.7,ambient-prod-44,2021-11-04T20:15:00.000Z
1636056600000,119,0,0,0,70.3,0,0,0,0,0,2.79,29.88,29.04,43,69.1,43,0,0.85,69.05,46.73,67.7,45.7,ambient-prod-44,2021-11-04T20:10:00.000Z
1636056300000,119,0,0,0,70.3,0,0,0,0,0,2.79,29.88,29.04,43,69.1,43,0,0.36,69.05,46.73,67.7,45.7,ambient-prod-44,2021-11-04T20:05:00.000Z
1636056000000,119,0,0,0,70.3,0,0,0,0,0,2.79,29.88,29.04,43,69.3,43,0,0,69.05,46.73,68,45.8,ambient-prod-44,2021-11-04T20:00:00.000Z
1636055700000,119,0,0,0,70.3,0,0,0,0,0,2.79,29.89,29.05,43,69.1,43,0,0,69.05,46.73,67.7,45.7,ambient-prod-44,2021-11-04T19:55:00.000Z
1636055400000,119,0,0,0,70.3,0,0,0,0,0,2.79,29.89,29.05,43,69.1,43,0,0,69.05,46.73,67.7,45.7,ambient-prod-44,2021-11-04T19:50:00.000Z
1636055100000,119,0,0,0,70.3,0,0,0,0,0,2.79,29.89,29.05,43,69.1,43,0,0,69.05,46.73,67.7,45.7,ambient-prod-44,2021-11-04T19:45:00.000Z
1636054800000,119,0,0,0,70.3,0,0,0,0,0,2.79,29.88,29.04,42,69.1,43,0,0,69,46.11,67.7,45.7,ambient-prod-44,2021-11-04T19:40:00.000Z
1636054500000,119,0,0,0,70.3,0,0,0,0,0,2.79,29.89,29.05,43,69.1,43,0,0,69.05,46.73,67.7,45.7,ambient-prod-44,2021-11-04T19:35:00.000Z
1636054200000,119,0,0,0,70.3,0,0,0,0,0,2.79,29.89,29.05,43,69.1,43,0,0.36,69.05,46.73,67.7,45.7,ambient-prod-44,2021-11-04T19:30:00.000Z
1636053900000,119,0,0,0,70.5,0,0,0,0,0,2.79,29.89,29.04,43,69.1,43,0,0,69.27,46.91,67.7,45.7,ambient-prod-44,2021-11-04T19:25:00.000Z
1636053600000,119,0,0,0,70.5,0,0,0,0,0,2.79,29.89,29.04,43,69.1,43,0,0.36,69.27,46.91,67.7,45.7,ambient-prod-44,2021-11-04T19:20:00.000Z
1636053300000,119,0,0,0,70.3,0,0,0,0,0,2.79,29.89,29.04,43,69.3,43,0,0.36,69.05,46.73,68,45.8,ambient-prod-44,2021-11-04T19:15:00.000Z
1636053000000,119,0,0,0,70.3,0,0,0,0,0,2.79,29.89,29.05,44,69.1,43,0,0,69.1,47.34,67.7,45.7,ambient-prod-44,2021-11-04T19:10:00.000Z
1636052700000,119,0,0,0,70.3,0,0,0,0,0,2.79,29.89,29.05,44,69.1,43,0,0,69.1,47.34,67.7,45.7,ambient-prod-44,2021-11-04T19:05:00.000Z
1636052400000,119,0,0,0,70.3,0,0,0,0,0,2.79,29.89,29.05,46,69.1,43,0,0,69.19,48.53,67.7,45.7,ambient-prod-44,2021-11-04T19:00:00.000Z
1636052100000,119,0,0,0,70.3,0,0,0,0,0,2.79,29.89,29.05,44,69.3,43,0,0.36,69.1,47.34,68,45.8,ambient-prod-44,2021-11-04T18:55:00.000Z
1636051800000,119,0,0,0,70.3,0,0,0,0,0,2.79,29.9,29.06,45,69.1,43,0,0,69.14,47.94,67.7,45.7,ambient-prod-44,2021-11-04T18:50:00.000Z
1636051500000,119,0,0,0,70.3,0,0,0,0,0,2.79,29.9,29.06,43,69.3,43,0,0,69.05,46.73,68,45.8,ambient-prod-44,2021-11-04T18:45:00.000Z
1636051200000,119,0,0,0,70.3,0,0,0,0,0,2.79,29.9,29.06,43,69.3,43,0,0,69.05,46.73,68,45.8,ambient-prod-44,2021-11-04T18:40:00.000Z
1636050900000,119,0,0,0,70.3,0,0,0,0,0,2.79,29.91,29.06,44,69.1,43,0,0.36,69.1,47.34,67.7,45.7,ambient-prod-44,2021-11-04T18:35:00.000Z
1636050600000,119,0,0,0,70.3,0,0,0,0,0,2.79,29.91,29.06,43,69.1,43,0,0,69.05,46.73,67.7,45.7,ambient-prod-44,2021-11-04T18:30:00.000Z
1636050300000,119,0,0,0,70.3,0,0,0,0,0,2.79,29.9,29.06,43,68.9,43,0,0,69.05,46.73,67.5,45.5,ambient-prod-44,2021-11-04T18:25:00.000Z
1636050000000,119,0,0,0,70.3,0,0,0,0,0,2.79,29.91,29.07,43,69.3,43,0,0,69.05,46.73,68,45.8,ambient-prod-44,2021-11-04T18:20:00.000Z
1636049700000,119,0,0,0,70.3,0,0,0,0,0,2.79,29.91,29.06,43,68.9,43,0,0,69.05,46.73,67.5,45.5,ambient-prod-44,2021-11-04T18:15:00.000Z
1636049400000,119,0,0,0,70.3,0,0,0,0,0,2.79,29.91,29.07,43,69.1,43,0,0.36,69.05,46.73,67.7,45.7,ambient-prod-44,2021-11-04T18:10:00.000Z
1636049100000,119,0,0,0,70.3,0,0,0,0,0,2.79,29.91,29.07,43,69.1,43,0,0,69.05,46.73,67.7,45.7,ambient-prod-44,2021-11-04T18:05:00.000Z
1636048800000,119,0,0,0,70.3,0,0,0,0,0,2.79,29.91,29.07,44,69.3,43,0,0,69.1,47.34,68,45.8,ambient-prod-44,2021-11-04T18:00:00.000Z
1636048500000,119,0,0,0,70.3,0,0,0,0,0,2.79,29.92,29.08,44,68.9,43,0,0,69.1,47.34,67.5,45.5,ambient-prod-44,2021-11-04T17:55:00.000Z
1636048200000,119,0,0,0,70.3,0,0,0,0,0,2.79,29.91,29.07,44,69.1,43,0,0.36,69.1,47.34,67.7,45.7,ambient-prod-44,2021-11-04T17:50:00.000Z
1636047900000,119,0,0,0,70.3,0,0,0,0,0,2.79,29.91,29.07,45,69.1,43,0,1.22,69.14,47.94,67.7,45.7,ambient-prod-44,2021-11-04T17:45:00.000Z
1636047600000,119,0,0,0,70.3,0,0,0,0,0,2.79,29.92,29.08,45,69.3,43,0,0.85,69.14,47.94,68,45.8,ambient-prod-44,2021-11-04T17:40:00.000Z
1636047300000,119,0,0,0,70.3,0,0,0,0,0,2.79,29.92,29.08,45,69.3,43,0,0,69.14,47.94,68,45.8,ambient-prod-44,2021-11-04T17:35:00.000Z
1636047000000,119,0,0,0,70.3,0,0,0,0,0,2.79,29.92,29.08,45,69.3,43,0,1.22,69.14,47.94,68,45.8,ambient-prod-44,2021-11-04T17:30:00.000Z
1636046700000,119,0,0,0,70.3,0,0,0,0,0,2.79,29.92,29.08,44,69.1,43,0,0.36,69.1,47.34,67.7,45.7,ambient-prod-44,2021-11-04T17:25:00.000Z
1636046400000,119,0,0,0,70.3,0,0,0,0,0,2.79,29.93,29.08,44,69.1,43,0,0,69.1,47.34,67.7,45.7,ambient-prod-44,2021-11-04T17:20:00.000Z
1636046100000,119,0,0,0,70.3,0,0,0,0,0,2.79,29.92,29.08,44,68.9,43,0,1.22,69.1,47.34,67.5,45.5,ambient-prod-44,2021-11-04T17:15:00.000Z
1636045800000,119,0,0,0,70.2,0,0,0,0,0,2.79,29.92,29.08,44,68.9,43,0,0.36,68.99,47.25,67.5,45.5,ambient-prod-44,2021-11-04T17:10:00.000Z
1636045500000,119,0,0,0,70.2,0,0,0,0,0,2.79,29.93,29.09,44,68.7,42,0,0,68.99,47.25,67.2,44.7,ambient-prod-44,2021-11-04T17:05:00.000Z
1636045200000,119,0,0,0,70.2,0,0,0,0,0,2.79,29.93,29.09,43,68.9,42,0,0.36,68.94,46.64,67.5,44.9,ambient-prod-44,2021-11-04T17:00:00.000Z
1636044900000,119,0,0,0,70,0,0,0,0,0,2.79,29.93,29.09,43,68.9,42,0,0,68.72,46.46,67.5,44.9,ambient-prod-44,2021-11-04T16:55:00.000Z
1636044600000,119,0,0,0,70,0,0,0,0,0,2.79,29.93,29.09,43,69.1,42,0,0,68.72,46.46,67.7,45,ambient-prod-44,2021-11-04T16:50:00.000Z
1636044300000,119,0,0,0,70,0,0,0,0,0,2.79,29.93,29.09,43,69.1,41,0,0,68.72,46.46,67.6,44.4,ambient-prod-44,2021-11-04T16:45:00.000Z
1636044000000,119,0,0,0,70,0,0,0,0,0,2.79,29.93,29.09,42,68.9,41,0,0,68.67,45.84,67.4,44.2,ambient-prod-44,2021-11-04T16:40:00.000Z
1636043700000,119,0,0,0,70,0,0,0,0,0,2.79,29.94,29.09,42,68.9,41,0,0,68.67,45.84,67.4,44.2,ambient-prod-44,2021-11-04T16:35:00.000Z
1636043400000,119,0,0,0,70,0,0,0,0,0,2.79,29.94,29.1,41,69.1,41,0,0.36,68.63,45.21,67.6,44.4,ambient-prod-44,2021-11-04T16:30:00.000Z
1636043100000,119,0,0,0,70,0,0,0,0,0,2.79,29.94,29.09,41,69.1,40,0,0.36,68.63,45.21,67.6,43.8,ambient-prod-44,2021-11-04T16:25:00.000Z
1636042800000,119,0,0,0,70.2,0,0,0,0,0,2.79,29.93,29.09,41,69.1,40,0,1.22,68.85,45.39,67.6,43.8,ambient-prod-44,2021-11-04T16:20:00.000Z
1636042500000,119,0,0,0,70.2,0,0,0,0,0,2.79,29.94,29.09,41,69.3,40,0,0.85,68.85,45.39,67.8,43.9,ambient-prod-44,2021-11-04T16:15:00.000Z
1636042200000,119,0,0,0,70.3,0,0,0,0,0,2.79,29.94,29.1,41,69.3,40,0,0.36,68.96,45.48,67.8,43.9,ambient-prod-44,2021-11-04T16:10:00.000Z
1636041900000,119,0,0,0,70.3,0,0,0,0,0,2.79,29.94,29.09,41,69.3,40,0,0.36,68.96,45.48,67.8,43.9,ambient-prod-44,2021-11-04T16:05:00.000Z
1636041600000,119,0,0,0,70.5,0,0,0,0,0,2.79,29.94,29.1,41,69.4,40,0,0,69.18,45.65,67.9,44,ambient-prod-44,2021-11-04T16:00:00.000Z
1636041300000,119,0,0,0,70.5,0,0,0,0,0,2.79,29.95,29.11,40,69.4,40,0,1.22,69.13,45,67.9,44,ambient-prod-44,2021-11-04T15:55:00.000Z
1636041000000,119,0,0,0,70.7,0,0,0,0,0,2.79,29.95,29.11,40,69.8,40,0,1.22,69.35,45.18,68.4,44.4,ambient-prod-44,2021-11-04T15:50:00.000Z
1636040700000,119,0,0,0,70.9,0,0,0,0,0,2.79,29.94,29.1,40,69.8,40,0,0.36,69.57,45.36,68.4,44.4,ambient-prod-44,2021-11-04T15:45:00.000Z
1636040400000,119,0,0,0,70.9,0,0,0,0,0,2.79,29.95,29.11,40,69.8,40,0,0.36,69.57,45.36,68.4,44.4,ambient-prod-44,2021-11-04T15:40:00.000Z
1636040100000,119,0,0,0,70.9,0,0,0,0,0,2.79,29.95,29.11,40,70.2,40,0,0.36,69.57,45.36,68.8,44.7,ambient-prod-44,2021-11-04T15:35:00.000Z
1636039800000,119,0,0,0,70.9,0,0,0,0,0,2.79,29.94,29.1,40,70.2,40,0,0,69.57,45.36,68.8,44.7,ambient-prod-44,2021-11-04T15:30:00.000Z
1636039500000,119,0,0,0,70.9,0,0,0,0,0,2.79,29.94,29.1,40,70.2,40,0,0.36,69.57,45.36,68.8,44.7,ambient-prod-44,2021-11-04T15:25:00.000Z
1636039200000,119,0,0,0,70.7,0,0,0,0,0,2.79,29.95,29.11,40,70.3,40,0,0.36,69.35,45.18,68.9,44.8,ambient-prod-44,2021-11-04T15:20:00.000Z
1636038900000,119,0,0,0,70.7,0,0,0,0,0,2.79,29.94,29.1,40,70.2,40,0,0.36,69.35,45.18,68.8,44.7,ambient-prod-44,2021-11-04T15:15:00.000Z
1636038600000,119,0,0,0,70.3,0,0,0,0,0,2.79,29.94,29.1,41,70,40,0,0.85,68.96,45.48,68.6,44.6,ambient-prod-44,2021-11-04T15:10:00.000Z
1636038300000,119,0,0,0,70.2,0,0,0,0,0,2.79,29.95,29.11,42,69.8,40,0,0.85,68.89,46.02,68.4,44.4,ambient-prod-44,2021-11-04T15:05:00.000Z
1636038000000,119,0,0,0,69.8,0,0,0,0,0,2.79,29.94,29.1,41,69.4,40,0,0.36,68.41,45.03,67.9,44,ambient-prod-44,2021-11-04T15:00:00.000Z
1636037760000,119,0,0,0,69.8,0,0,0,0,0,2.79,29.94,29.1,41,69.3,40,0,0,68.41,45.03,67.8,43.9,ambient-prod-44,2021-11-04T14:56:00.000Z
1636037400000,119,0,0,0,69.8,0,0,0,0,0,2.79,29.94,29.1,41,69.1,40,0,0.36,68.41,45.03,67.6,43.8,ambient-prod-44,2021-11-04T14:50:00.000Z
1636037100000,119,0,0,0,69.8,0,0,0,0,0,2.79,29.94,29.1,41,69.6,40,0,0.36,68.41,45.03,68.1,44.2,ambient-prod-44,2021-11-04T14:45:00.000Z
1636036800000,119,0,0,0,69.8,0,0,0,0,0,2.79,29.94,29.09,41,69.4,40,0,0,68.41,45.03,67.9,44,ambient-prod-44,2021-11-04T14:40:00.000Z
1636036500000,119,0,0,0,69.8,0,0,0,0,0,2.79,29.94,29.1,41,69.4,40,0,0.36,68.41,45.03,67.9,44,ambient-prod-44,2021-11-04T14:35:00.000Z
1636036200000,119,0,0,0,69.8,0,0,0,0,0,2.79,29.94,29.1,41,69.4,40,0,0.85,68.41,45.03,67.9,44,ambient-prod-44,2021-11-04T14:30:00.000Z
1636035900000,119,0,0,0,69.8,0,0,0,0,0,2.79,29.94,29.1,41,69.4,40,0,0,68.41,45.03,67.9,44,ambient-prod-44,2021-11-04T14:25:00.000Z
1636035600000,119,0,0,0,69.8,0,0,0,0,0,2.79,29.93,29.09,41,69.4,40,0,0,68.41,45.03,67.9,44,ambient-prod-44,2021-11-04T14:20:00.000Z
1636035300000,119,0,0,0,69.8,0,0,0,0,0,2.79,29.93,29.09,41,69.3,40,0,0.36,68.41,45.03,67.8,43.9,ambient-prod-44,2021-11-04T14:15:00.000Z
1636035000000,119,0,0,0,69.8,0,0,0,0,0,2.79,29.94,29.1,41,69.4,40,0,0,68.41,45.03,67.9,44,ambient-prod-44,2021-11-04T14:10:00.000Z
1636034700000,119,0,0,0,69.8,0,0,0,0,0,2.79,29.94,29.1,41,69.4,40,0,0.36,68.41,45.03,67.9,44,ambient-prod-44,2021-11-04T14:05:00.000Z
1636034400000,119,0,0,0,69.8,0,0,0,0,0,2.79,29.93,29.09,41,69.4,40,0,0,68.41,45.03,67.9,44,ambient-prod-44,2021-11-04T14:00:00.000Z
1636034100000,119,0,0,0,69.8,0,0,0,0,0,2.79,29.93,29.09,41,69.4,40,0,0,68.41,45.03,67.9,44,ambient-prod-44,2021-11-04T13:55:00.000Z
1636033800000,119,0,0,0,69.8,0,0,0,0,0,2.79,29.92,29.08,41,69.4,40,0,0,68.41,45.03,67.9,44,ambient-prod-44,2021-11-04T13:50:00.000Z
1636033500000,119,0,0,0,69.8,0,0,0,0,0,2.79,29.92,29.08,41,69.4,40,0,0,68.41,45.03,67.9,44,ambient-prod-44,2021-11-04T13:45:00.000Z
1636033200000,119,0,0,0,69.8,0,0,0,0,0,2.79,29.92,29.08,40,69.6,40,0,0.36,68.36,44.38,68.1,44.2,ambient-prod-44,2021-11-04T13:40:00.000Z
1636032900000,119,0,0,0,69.8,0,0,0,0,0,2.79,29.92,29.08,40,69.6,40,0,0,68.36,44.38,68.1,44.2,ambient-prod-44,2021-11-04T13:35:00.000Z
1636032600000,119,0,0,0,70,0,0,0,0,0,2.79,29.92,29.08,40,69.4,40,0,0,68.58,44.56,67.9,44,ambient-prod-44,2021-11-04T13:30:00.000Z
1636032300000,119,0,0,0,70,0,0,0,0,0,2.79,29.92,29.08,40,69.4,40,0,0.36,68.58,44.56,67.9,44,ambient-prod-44,2021-11-04T13:25:00.000Z
1636032000000,119,0,0,0,70,0,0,0,0,0,2.79,29.91,29.07,40,69.6,39,0,0.36,68.58,44.56,68.1,43.5,ambient-prod-44,2021-11-04T13:20:00.000Z
1636031700000,119,0,0,0,70.2,0,0,0,0,0,2.79,29.92,29.08,40,69.6,40,0,0.36,68.8,44.74,68.1,44.2,ambient-prod-44,2021-11-04T13:15:00.000Z
1636031400000,119,0,0,0,70.2,0,0,0,0,0,2.79,29.91,29.07,40,69.6,39,0,0,68.8,44.74,68.1,43.5,ambient-prod-44,2021-11-04T13:10:00.000Z
1636031100000,119,0,0,0,70.3,0,0,0,0,0,2.79,29.91,29.07,40,69.8,39,0,0,68.91,44.83,68.3,43.7,ambient-prod-44,2021-11-04T13:05:00.000Z
1636030800000,119,0,0,0,70.3,0,0,0,0,0,2.79,29.91,29.07,40,70,39,0,0,68.91,44.83,68.5,43.9,ambient-prod-44,2021-11-04T13:00:00.000Z
1636030500000,119,0,0,0,70.5,0,0,0,0,0,2.79,29.91,29.07,39,69.8,39,0,0.36,69.08,44.34,68.3,43.7,ambient-prod-44,2021-11-04T12:55:00.000Z
1636030200000,119,0,0,0,70.7,0,0,0,0,0,2.79,29.91,29.07,39,70.2,39,0,0,69.3,44.52,68.8,44.1,ambient-prod-44,2021-11-04T12:50:00.000Z
1636029900000,119,0,0,0,70.9,0,0,0,0,0,2.79,29.91,29.06,39,70,39,0,0,69.52,44.7,68.5,43.9,ambient-prod-44,2021-11-04T12:45:00.000Z
1636029600000,119,0,0,0,71.1,0,0,0,0,0,2.79,29.91,29.07,39,70.3,39,0,0,69.74,44.87,68.9,44.2,ambient-prod-44,2021-11-04T12:40:00.000Z
1636029300000,119,0,0,0,71.2,0,0,0,0,0,2.79,29.9,29.06,39,70.3,39,0,0.36,69.85,44.96,68.9,44.2,ambient-prod-44,2021-11-04T12:35:00.000Z
1636029000000,119,0,0,0,71.4,0,0,0,0,0,2.79,29.91,29.06,38,70.3,39,0,0,70.03,44.46,68.9,44.2,ambient-prod-44,2021-11-04T12:30:00.000Z
1636028700000,119,0,0,0,71.4,0,0,0,0,0,2.79,29.9,29.06,38,70.5,39,0,0,70.03,44.46,69.1,44.3,ambient-prod-44,2021-11-04T12:25:00.000Z
1636028400000,119,0,0,0,71.4,0,0,0,0,0,2.79,29.91,29.06,39,70.5,40,0,0,70.07,45.14,69.1,45,ambient-prod-44,2021-11-04T12:20:00.000Z
1636028100000,119,0,0,0,71.4,0,0,0,0,0,2.79,29.9,29.06,39,70.2,40,0,0,70.07,45.14,68.8,44.7,ambient-prod-44,2021-11-04T12:15:00.000Z
1636027800000,119,0,0,0,71.1,0,0,0,0,0,2.79,29.9,29.06,39,70.3,40,0,0,69.74,44.87,68.9,44.8,ambient-prod-44,2021-11-04T12:10:00.000Z
1636027500000,119,0,0,0,70.9,0,0,0,0,0,2.79,29.89,29.05,40,70,40,0,0,69.57,45.36,68.6,44.6,ambient-prod-44,2021-11-04T12:05:00.000Z
1636027200000,119,0,0,0,70.5,0,0,0,0,0,2.79,29.89,29.05,40,69.8,40,0,0,69.13,45,68.4,44.4,ambient-prod-44,2021-11-04T12:00:00.000Z
1636026900000,119,0,0,0,70.2,0,0,0,0,0,2.79,29.88,29.04,40,69.8,41,0,0,68.8,44.74,68.4,45,ambient-prod-44,2021-11-04T11:55:00.000Z
1636026600000,119,0,0,0,69.8,0,0,0,0,0,2.79,29.89,29.05,41,69.3,41,0,0,68.41,45.03,67.9,44.6,ambient-prod-44,2021-11-04T11:50:00.000Z
1636026300000,119,0,0,0,69.4,0,0,0,0,0,2.79,29.89,29.05,41,69.1,41,0,0,67.97,44.67,67.6,44.4,ambient-prod-44,2021-11-04T11:45:00.000Z
1636026000000,119,0,0,0,68.9,0,0,0,0,0,2.79,29.89,29.04,42,68.7,41,0,0.36,67.46,44.85,67.2,44,ambient-prod-44,2021-11-04T11:40:00.000Z
1636025700000,119,0,0,0,68.5,0,0,0,0,0,2.79,29.89,29.05,42,68.5,41,0,0,67.02,44.49,67,43.9,ambient-prod-44,2021-11-04T11:35:00.000Z
1636025400000,119,0,0,0,68.2,0,0,0,0,0,2.79,29.89,29.05,43,68,41,0,0,66.74,44.84,68,43.4,ambient-prod-44,2021-11-04T11:30:00.000Z
1636025160000,119,0,0,0,67.8,0,0,0,0,0,2.79,29.89,29.05,43,67.8,42,0,0,67.8,44.48,67.8,43.9,ambient-prod-44,2021-11-04T11:26:00.000Z
1636024800000,118,0,0,0,67.3,0,0,0,0,0,2.79,29.89,29.05,43,67.5,42,0,0,67.3,44.03,67.5,43.6,ambient-prod-44,2021-11-04T11:20:00.000Z
1636024500000,119,0,0,0,67.1,0,0,0,0,0,2.79,29.9,29.06,43,67.1,42,0,0.36,67.1,43.85,67.1,43.2,ambient-prod-44,2021-11-04T11:15:00.000Z
1636024200000,118,0,0,0,66.9,0,0,0,0,0,2.79,29.89,29.05,43,66.7,42,0,0,66.9,43.67,66.7,42.9,ambient-prod-44,2021-11-04T11:10:00.000Z
1636023900000,118,0,0,0,66.7,0,0,0,0,0,2.79,29.89,29.05,44,66.6,42,0,0,66.7,44.09,66.6,42.8,ambient-prod-44,2021-11-04T11:05:00.000Z
1636023600000,118,0,0,0,66.7,0,0,0,0,0,2.79,29.89,29.05,43,66.2,42,0,0,66.7,43.49,66.2,42.4,ambient-prod-44,2021-11-04T11:00:00.000Z
1636023300000,118,0,0,0,66.7,0,0,0,0,0,2.79,29.89,29.05,43,66,42,0,0,66.7,43.49,66,42.2,ambient-prod-44,2021-11-04T10:55:00.000Z
1636023000000,119,0,0,0,66.7,0,0,0,0,0,2.79,29.88,29.04,43,66.2,42,0,0,66.7,43.49,66.2,42.4,ambient-prod-44,2021-11-04T10:50:00.000Z
1636022700000,118,0,0,0,66.7,0,0,0,0,0,2.79,29.88,29.04,43,66.2,42,0,0,66.7,43.49,66.2,42.4,ambient-prod-44,2021-11-04T10:45:00.000Z
1636022400000,119,0,0,0,66.7,0,0,0,0,0,2.79,29.89,29.05,43,66.2,42,0,0,66.7,43.49,66.2,42.4,ambient-prod-44,2021-11-04T10:40:00.000Z
1636022100000,118,0,0,0,66.9,0,0,0,0,0,2.79,29.89,29.04,43,66.2,42,0,0,66.9,43.67,66.2,42.4,ambient-prod-44,2021-11-04T10:35:00.000Z
1636021800000,119,0,0,0,66.9,0,0,0,0,0,2.79,29.88,29.04,43,66.2,41,0,0,66.9,43.67,66.2,41.8,ambient-prod-44,2021-11-04T10:30:00.000Z
1636021500000,119,0,0,0,66.9,0,0,0,0,0,2.79,29.88,29.04,43,66.4,41,0,0,66.9,43.67,66.4,42,ambient-prod-44,2021-11-04T10:25:00.000Z
1636021200000,118,0,0,0,66.9,0,0,0,0,0,2.79,29.88,29.03,43,66.4,41,0,0,66.9,43.67,66.4,42,ambient-prod-44,2021-11-04T10:20:00.000Z
1636020900000,119,0,0,0,67.1,0,0,0,0,0,2.79,29.87,29.03,42,66.7,41,0,0,67.1,43.23,66.7,42.2,ambient-prod-44,2021-11-04T10:15:00.000Z
1636020600000,119,0,0,0,67.1,0,0,0,0,0,2.79,29.88,29.03,42,66.6,41,0,0,67.1,43.23,66.6,42.2,ambient-prod-44,2021-11-04T10:10:00.000Z
1636020300000,118,0,0,0,67.1,0,0,0,0,0,2.79,29.87,29.03,42,66.7,41,0,0,67.1,43.23,66.7,42.2,ambient-prod-44,2021-11-04T10:05:00.000Z
1636020000000,118,0,0,0,67.1,0,0,0,0,0,2.79,29.88,29.04,42,66.7,41,0,0,67.1,43.23,66.7,42.2,ambient-prod-44,2021-11-04T10:00:00.000Z
1636019700000,118,0,0,0,67.3,0,0,0,0,0,2.79,29.88,29.03,42,66.7,41,0,0,67.3,43.41,66.7,42.2,ambient-prod-44,2021-11-04T09:55:00.000Z
1636019400000,118,0,0,0,67.3,0,0,0,0,0,2.79,29.88,29.04,42,66.9,41,0,0,67.3,43.41,66.9,42.4,ambient-prod-44,2021-11-04T09:50:00.000Z
1636019100000,119,0,0,0,67.3,0,0,0,0,0,2.79,29.89,29.04,42,66.9,41,0,0,67.3,43.41,66.9,42.4,ambient-prod-44,2021-11-04T09:45:00.000Z
1636018800000,119,0,0,0,67.3,0,0,0,0,0,2.79,29.88,29.03,42,66.7,41,0,0,67.3,43.41,66.7,42.2,ambient-prod-44,2021-11-04T09:40:00.000Z
1636018500000,118,0,0,0,67.5,0,0,0,0,0,2.79,29.88,29.03,41,66.7,40,0,0,67.5,42.97,66.7,41.6,ambient-prod-44,2021-11-04T09:35:00.000Z
1636018200000,118,0,0,0,67.5,0,0,0,0,0,2.79,29.88,29.04,41,66.9,40,0,0,67.5,42.97,66.9,41.8,ambient-prod-44,2021-11-04T09:30:00.000Z
1636017900000,119,0,0,0,67.5,0,0,0,0,0,2.79,29.88,29.04,41,66.9,40,0,0,67.5,42.97,66.9,41.8,ambient-prod-44,2021-11-04T09:25:00.000Z
1636017600000,118,0,0,0,67.5,0,0,0,0,0,2.79,29.88,29.03,41,66.9,40,0,0,67.5,42.97,66.9,41.8,ambient-prod-44,2021-11-04T09:20:00.000Z
1636017300000,119,0,0,0,67.6,0,0,0,0,0,2.79,29.88,29.04,41,67.1,40,0,0,67.6,43.05,67.1,42,ambient-prod-44,2021-11-04T09:15:00.000Z
1636017000000,118,0,0,0,67.6,0,0,0,0,0,2.79,29.88,29.04,41,66.9,40,0,0,67.6,43.05,66.9,41.8,ambient-prod-44,2021-11-04T09:10:00.000Z
1636016700000,119,0,0,0,67.6,0,0,0,0,0,2.79,29.88,29.03,41,67.3,40,0,0,67.6,43.05,67.3,42.1,ambient-prod-44,2021-11-04T09:05:00.000Z
1636016400000,118,0,0,0,67.6,0,0,0,0,0,2.79,29.88,29.03,40,67.1,40,0,0,67.6,42.41,67.1,42,ambient-prod-44,2021-11-04T09:00:00.000Z
1636016100000,119,0,0,0,67.6,0,0,0,0,0,2.79,29.88,29.03,40,67.3,40,0,0,67.6,42.41,67.3,42.1,ambient-prod-44,2021-11-04T08:55:00.000Z
1636015800000,119,0,0,0,67.8,0,0,0,0,0,2.79,29.87,29.03,40,67.5,40,0,0,67.8,42.59,67.5,42.3,ambient-prod-44,2021-11-04T08:50:00.000Z
1636015500000,119,0,0,0,67.8,0,0,0,0,0,2.79,29.88,29.04,40,67.6,40,0,0,67.8,42.59,67.6,42.4,ambient-prod-44,2021-11-04T08:45:00.000Z
1636015200000,119,0,0,0,67.8,0,0,0,0,0,2.79,29.88,29.03,40,67.5,40,0,0,67.8,42.59,67.5,42.3,ambient-prod-44,2021-11-04T08:40:00.000Z
1636014900000,119,0,0,0,67.8,0,0,0,0,0,2.79,29.88,29.03,40,67.3,40,0,0,67.8,42.59,67.3,42.1,ambient-prod-44,2021-11-04T08:35:00.000Z
1636014600000,119,0,0,0,67.8,0,0,0,0,0,2.79,29.87,29.03,40,67.5,40,0,0,67.8,42.59,67.5,42.3,ambient-prod-44,2021-11-04T08:30:00.000Z
1636014300000,119,0,0,0,67.8,0,0,0,0,0,2.79,29.88,29.04,40,67.6,40,0,0,67.8,42.59,67.6,42.4,ambient-prod-44,2021-11-04T08:25:00.000Z
1636014000000,119,0,0,0,67.8,0,0,0,0,0,2.79,29.88,29.03,40,67.6,40,0,0,67.8,42.59,67.6,42.4,ambient-prod-44,2021-11-04T08:20:00.000Z
1636013700000,119,0,0,0,68,0,0,0,0,0,2.79,29.88,29.03,40,67.5,39,0,0,68,42.77,67.5,41.7,ambient-prod-44,2021-11-04T08:15:00.000Z
1636013400000,119,0,0,0,68,0,0,0,0,0,2.79,29.88,29.03,40,67.6,40,0,0,68,42.77,67.6,42.4,ambient-prod-44,2021-11-04T08:10:00.000Z
1636013100000,119,0,0,0,68,0,0,0,0,0,2.79,29.87,29.03,40,67.6,40,0,0,68,42.77,67.6,42.4,ambient-prod-44,2021-11-04T08:05:00.000Z
1636012800000,119,0,0,0,68,0,0,0,0,0,2.79,29.88,29.03,40,67.8,40,0,0,68,42.77,67.8,42.6,ambient-prod-44,2021-11-04T08:00:00.000Z
1636012500000,119,0,0,0,68,0,0,0,0,0,2.79,29.88,29.03,40,67.8,39,0,0,68,42.77,67.8,41.9,ambient-prod-44,2021-11-04T07:55:00.000Z
1636012200000,119,0,0,0,68.2,0,0,0,0,0,2.79,29.88,29.04,40,67.8,39,0,0,66.6,42.95,67.8,41.9,ambient-prod-44,2021-11-04T07:50:00.000Z
1636011900000,119,0,0,0,68.2,0,0,0,0,0,2.79,29.88,29.04,40,67.8,39,0,0,66.6,42.95,67.8,41.9,ambient-prod-44,2021-11-04T07:45:00.000Z
1636011600000,119,0,0,0,68.2,0,0,0,0,0,2.79,29.89,29.05,40,67.8,39,0,0,66.6,42.95,67.8,41.9,ambient-prod-44,2021-11-04T07:40:00.000Z
1636011300000,119,0,0,0,68.2,0,0,0,0,0,2.79,29.88,29.04,40,67.8,39,0,0,66.6,42.95,67.8,41.9,ambient-prod-44,2021-11-04T07:35:00.000Z
1636011000000,119,0,0,0,68.2,0,0,0,0,0,2.79,29.89,29.05,40,68,39,0,0,66.6,42.95,68,42.1,ambient-prod-44,2021-11-04T07:30:00.000Z
1636010700000,119,0,0,0,68.2,0,0,0,0,0,2.79,29.89,29.05,40,67.8,39,0,0,66.6,42.95,67.8,41.9,ambient-prod-44,2021-11-04T07:25:00.000Z
1636010400000,119,0,0,0,68.4,0,0,0,0,0,2.79,29.89,29.05,40,68,39,0,0,66.82,43.13,68,42.1,ambient-prod-44,2021-11-04T07:20:00.000Z
1636010100000,119,0,0,0,68.4,0,0,0,0,0,2.79,29.9,29.06,40,68,39,0,0,66.82,43.13,68,42.1,ambient-prod-44,2021-11-04T07:15:00.000Z
1636009800000,119,0,0,0,68.4,0,0,0,0,0,2.79,29.89,29.05,40,68,39,0,0,66.82,43.13,68,42.1,ambient-prod-44,2021-11-04T07:10:00.000Z
1636009500000,119,0,0,0,68.4,0,0,0,0,0,2.79,29.89,29.04,40,68,39,0,0,66.82,43.13,68,42.1,ambient-prod-44,2021-11-04T07:05:00.000Z
1636009200000,119,0,0,0,68.4,0,0,0,0,0,2.79,29.89,29.05,40,68,39,0,0,66.82,43.13,68,42.1,ambient-prod-44,2021-11-04T07:00:00.000Z
1636008900000,119,0,0,0,68.4,0,0,0,0,0,2.79,29.89,29.05,40,68,39,0,0,66.82,43.13,68,42.1,ambient-prod-44,2021-11-04T06:55:00.000Z
1636008600000,119,0,0,0,68.5,0,0,0,0,0,2.79,29.89,29.05,40,68.4,39,0,0,66.93,43.22,66.8,42.5,ambient-prod-44,2021-11-04T06:50:00.000Z
1636008300000,119,0,0,0,68.5,0,0,0,0,0,2.79,29.89,29.05,40,68.2,39,0,0,66.93,43.22,66.6,42.3,ambient-prod-44,2021-11-04T06:45:00.000Z
1636008000000,119,0,0,0,68.5,0,0,0,0,0,2.79,29.89,29.05,40,68.2,39,0,0,66.93,43.22,66.6,42.3,ambient-prod-44,2021-11-04T06:40:00.000Z
1636007700000,119,0,0,0,68.5,0,0,0,0,0,2.79,29.89,29.05,40,68.2,39,0,0,66.93,43.22,66.6,42.3,ambient-prod-44,2021-11-04T06:35:00.000Z
1636007400000,119,0,0,0,68.5,0,0,0,0,0,2.79,29.9,29.06,40,68.4,39,0,0,66.93,43.22,66.8,42.5,ambient-prod-44,2021-11-04T06:30:00.000Z
1636007100000,119,0,0,0,68.5,0,0,0,0,0,2.79,29.9,29.06,40,68.2,39,0,0,66.93,43.22,66.6,42.3,ambient-prod-44,2021-11-04T06:25:00.000Z
1636006800000,119,0,0,0,68.7,0,0,0,0,0,2.79,29.9,29.06,40,68.2,39,0,0,67.15,43.4,66.6,42.3,ambient-prod-44,2021-11-04T06:20:00.000Z
1636006500000,119,0,0,0,68.7,0,0,0,0,0,2.79,29.9,29.06,40,68.2,39,0,0,67.15,43.4,66.6,42.3,ambient-prod-44,2021-11-04T06:15:00.000Z
1636006200000,119,0,0,0,68.7,0,0,0,0,0,2.79,29.9,29.06,40,68.2,39,0,0,67.15,43.4,66.6,42.3,ambient-prod-44,2021-11-04T06:10:00.000Z
1636005900000,119,0,0,0,68.7,0,0,0,0,0,2.79,29.9,29.06,40,68.5,39,0,0,67.15,43.4,66.9,42.6,ambient-prod-44,2021-11-04T06:05:00.000Z
1636005600000,119,0,0,0,68.7,0,0,0,0,0,2.79,29.91,29.06,40,68.4,39,0,0,67.15,43.4,66.8,42.5,ambient-prod-44,2021-11-04T06:00:00.000Z
1636005300000,119,0,0,0,68.7,0,0,0,0,0,2.79,29.91,29.06,40,68.4,39,0,0,67.15,43.4,66.8,42.5,ambient-prod-44,2021-11-04T05:55:00.000Z
1636005000000,119,0,0,0,68.7,0,0,0,0,0,2.79,29.9,29.06,40,68.4,39,0,0,67.15,43.4,66.8,42.5,ambient-prod-44,2021-11-04T05:50:00.000Z
1636004700000,119,0,0,0,68.9,0,0,0,0,0,2.79,29.91,29.06,40,68.5,39,0,0,67.37,43.57,66.9,42.6,ambient-prod-44,2021-11-04T05:45:00.000Z
1636004400000,119,0,0,0,68.9,0,0,0,0,0,2.79,29.91,29.07,40,68.5,39,0,0,67.37,43.57,66.9,42.6,ambient-prod-44,2021-11-04T05:40:00.000Z
1636004100000,119,0,0,0,68.9,0,0,0,0,0,2.79,29.91,29.07,40,68.5,39,0,0,67.37,43.57,66.9,42.6,ambient-prod-44,2021-11-04T05:35:00.000Z
1636003800000,119,0,0,0,68.9,0,0,0,0,0,2.79,29.91,29.07,40,68.5,39,0,0,67.37,43.57,66.9,42.6,ambient-prod-44,2021-11-04T05:30:00.000Z
1636003500000,119,0,0,0,68.9,0,0,0,0,0,2.79,29.91,29.07,40,68.7,39,0,0,67.37,43.57,67.1,42.7,ambient-prod-44,2021-11-04T05:25:00.000Z
1636003200000,119,0,0,0,69.1,0,0,0,0,0,2.79,29.91,29.07,40,68.7,39,0,0,67.59,43.75,67.1,42.7,ambient-prod-44,2021-11-04T05:20:00.000Z
1636002900000,119,0,0,0,69.1,0,0,0,0,0,2.79,29.92,29.08,40,68.7,39,0,0,67.59,43.75,67.1,42.7,ambient-prod-44,2021-11-04T05:15:00.000Z
1636002600000,119,0,0,0,69.1,0,0,0,0,0,2.79,29.92,29.08,40,68.5,39,0,0,67.59,43.75,66.9,42.6,ambient-prod-44,2021-11-04T05:10:00.000Z
1636002300000,119,0,0,0,69.1,0,0,0,0,0,2.79,29.92,29.08,40,68.7,39,0,0,67.59,43.75,67.1,42.7,ambient-prod-44,2021-11-04T05:05:00.000Z
1636002000000,119,0,0,0,69.1,0,0,0,0,0,2.79,29.92,29.08,40,68.9,39,0,0,67.59,43.75,67.3,42.9,ambient-prod-44,2021-11-04T05:00:00.000Z
1636001700000,119,0,0,0,69.3,0,0,0,0,0,2.79,29.91,29.07,40,68.9,39,0,0,67.81,43.93,67.3,42.9,ambient-prod-44,2021-11-04T04:55:00.000Z
1636001400000,119,0,0,0,69.3,0,0,0,0,0,2.79,29.91,29.07,40,68.9,39,0,0,67.81,43.93,67.3,42.9,ambient-prod-44,2021-11-04T04:50:00.000Z
1636001100000,119,0,0,0,69.3,0,0,0,0,0,2.79,29.92,29.08,40,68.9,39,0,0,67.81,43.93,67.3,42.9,ambient-prod-44,2021-11-04T04:45:00.000Z
1636000800000,119,0,0,0,69.3,0,0,0,0,0,2.79,29.92,29.08,39,68.9,39,0,0,67.76,43.27,67.3,42.9,ambient-prod-44,2021-11-04T04:40:00.000Z
1636000500000,119,0,0,0,69.3,0,0,0,0,0,2.79,29.92,29.08,39,69.1,39,0,0,67.76,43.27,67.5,43.1,ambient-prod-44,2021-11-04T04:35:00.000Z
1636000200000,119,0,0,0,69.4,0,0,0,0,0,2.79,29.92,29.08,39,68.9,39,0,0,67.87,43.36,67.3,42.9,ambient-prod-44,2021-11-04T04:30:00.000Z
1635999900000,119,0,0,0,69.4,0,0,0,0,0,2.79,29.92,29.08,39,69.1,39,0,0,67.87,43.36,67.5,43.1,ambient-prod-44,2021-11-04T04:25:00.000Z
1635999600000,119,0,0,0,69.4,0,0,0,0,0,2.79,29.92,29.08,39,69.1,39,0,0,67.87,43.36,67.5,43.1,ambient-prod-44,2021-11-04T04:20:00.000Z
1635999300000,119,0,0,0,69.4,0,0,0,0,0,2.79,29.93,29.09,39,69.3,39,0,0,67.87,43.36,67.8,43.3,ambient-prod-44,2021-11-04T04:15:00.000Z
1635999000000,119,0,0,0,69.4,0,0,0,0,0,2.79,29.92,29.08,39,69.1,39,0,0,67.87,43.36,67.5,43.1,ambient-prod-44,2021-11-04T04:10:00.000Z
1635998700000,119,0,0,0,69.6,0,0,0,0,0,2.79,29.93,29.08,39,69.3,39,0,0,68.09,43.54,67.8,43.3,ambient-prod-44,2021-11-04T04:05:00.000Z
1635998400000,119,0,0,0,69.6,0,0,0,0,0,2.79,29.93,29.08,39,69.3,39,0,0,68.09,43.54,67.8,43.3,ambient-prod-44,2021-11-04T04:00:00.000Z
1635998100000,119,0,0,0,69.6,0,0,0,0,0,2.79,29.93,29.08,39,69.1,39,0,0,68.09,43.54,67.5,43.1,ambient-prod-44,2021-11-04T03:55:00.000Z
